,Desarrollo ágil: Historias de usuario y criterios de aceptación,,,,,,,,,,,,,,,,,,,,,,,,,,,,,
,Elaborado por: www.pmoinformatica.com,,,,,,,,,,,,,,,,,,,,,,,,,,,,,
,,,,,,,,,,,,,,,,,,,,,,,,,,,,,,
,,Enunciado de la historia,,,,Criterios de aceptación,,,,,,,,,,,,,,,,,,,,,,,,
,,Rol,Característica / Funcionalidad,Razón / Resultado,Número (#) de escenario,Criterio de aceptación (Título),Contexto,Evento,Resultado / Comportamiento esperado,,,,,,,,,,,,,,,,,,,,,
,HU-GIA-01,Como un usuario del sistema (paciente o médico).,Necesito registrarme en el sistema proporcionando mis datos personales y que se me asigne un rol adecuado.,Con la finalidad de acceder a los servicios de la clínica según mis responsabilidades.,1,Registro exitoso de paciente,"En caso que el usuario ingrese datos personales válidos y únicos (DNI, email, teléfono) y seleccione el rol de paciente.",Cuando el usuario completa el formulario y confirma el registro.,"El sistema crea la cuenta, asigna el rol de Paciente y redirige al panel de inicio.",,,,,,,,,,,,,,,,,,,,,
,,,,,2,Registro exitoso de médico,"En caso que el personal médico ingrese su especialidad, número de colegiatura y datos únicos.",Cuando el médico completa el formulario de registro profesional y confirma.,"El sistema crea la cuenta, asigna el rol de Médico y notifica al administrador para validación.",,,,,,,,,,,,,,,,,,,,,
,,,,,3,Datos duplicados en el registro,"En caso que el DNI, email o teléfono ingresado ya exista en el sistema.",Cuando el usuario intenta enviar el formulario de registro.,El sistema muestra un mensaje de error indicando el campo duplicado y no crea la cuenta.,,,,,,,,,,,,,,,,,,,,,
,,,,,4,Campos obligatorios incompletos,En caso que el usuario deje campos obligatorios vacíos o con formato inválido.,Cuando el usuario intenta enviar el formulario de registro.,El sistema resalta los campos con error y muestra mensajes de validación sin procesar el registro.,,,,,,,,,,,,,,,,,,,,,
,,,,,,,,,,,,,,,,,,,,,,,,,,,,,,
,HU-GIA-02,"Como un usuario registrado (paciente, médico o administrador).",Necesito iniciar sesión con mis credenciales de forma segura.,Con la finalidad de acceder a las funcionalidades del sistema según mi rol asignado.,,Inicio de sesión exitoso,En caso que el usuario ingrese credenciales válidas (email y contraseña correctos).,Cuando el usuario hace clic en 'Iniciar sesión'.,"El sistema genera un token JWT, inicia la sesión y redirige al usuario al panel correspondiente a su rol.",,,,,,,,,,,,,,,,,,,,,
,,,,,,Credenciales incorrectas,En caso que el usuario ingrese un email o contraseña incorrectos.,Cuando el usuario hace clic en 'Iniciar sesión'.,El sistema muestra el mensaje 'Credenciales incorrectas' y no permite el acceso.,,,,,,,,,,,,,,,,,,,,,
,,,,,,Sesión expirada,En caso que el token JWT del usuario haya superado su tiempo de expiración configurable.,Cuando el usuario intenta realizar cualquier operación con sesión activa.,"El sistema invalida la sesión, redirige al login y muestra el mensaje 'Sesión expirada, ingrese nuevamente'.",,,,,,,,,,,,,,,,,,,,,
,,,,,,Acceso denegado por rol,En caso que un usuario autenticado intente acceder a una ruta no permitida para su rol.,Cuando el usuario navega a una URL restringida.,El sistema bloquea el acceso y muestra la pantalla de error 403 indicando permisos insuficientes.,,,,,,,,,,,,,,,,,,,,,
,,,,,,,,,,,,,,,,,,,,,,,,,,,,,,
,HU-GIA-03,Como administrador del sistema.,Necesito consultar el historial de cambios realizados en los perfiles de usuario.,Con la finalidad de garantizar la seguridad e integridad de la información del sistema.,,Visualización de log de cambios,En caso que el administrador busque el historial de un usuario específico con cambios registrados.,Cuando el administrador selecciona un usuario y consulta su historial.,"El sistema muestra los registros de auditoría indicando fecha, hora, campo modificado y usuario que realizó el cambio.",,,,,,,,,,,,,,,,,,,,,
,,,,,,Sin cambios registrados,En caso que el usuario seleccionado no tenga cambios en su perfil.,Cuando el administrador consulta el historial del usuario.,El sistema muestra el mensaje 'No se han registrado cambios para este usuario'.,,,,,,,,,,,,,,,,,,,,,
,,,,,,Intento de modificación del log,En caso que cualquier usuario intente editar o eliminar un registro de auditoría.,Cuando se realiza una solicitud de escritura sobre los logs de auditoría.,"El sistema rechaza la operación, los logs permanecen de solo lectura y se registra el intento fallido.",,,,,,,,,,,,,,,,,,,,,
,,,,,,Filtro por rango de fechas,En caso que el administrador desee acotar la búsqueda a un período específico.,Cuando el administrador aplica un filtro de fecha inicio y fecha fin.,El sistema muestra únicamente los registros de cambio dentro del rango de fechas indicado.,,,,,,,,,,,,,,,,,,,,,
,,,,,,,,,,,,,,,,,,,,,,,,,,,,,,
,HU-AGC-01,Como paciente.,Necesito buscar médicos filtrando por especialidad y ver sus horarios disponibles en tiempo real.,Con la finalidad de elegir el médico y la cita más adecuados a mi necesidad de salud.,,Búsqueda con resultados disponibles,En caso que existan médicos activos con disponibilidad para la especialidad seleccionada.,Cuando el paciente aplica el filtro por especialidad.,"El sistema muestra el listado de médicos con su nombre, especialidad y horarios disponibles en tiempo real.",,,,,,,,,,,,,,,,,,,,,
,,,,,,Búsqueda sin resultados,En caso que no haya médicos disponibles para la especialidad o fecha seleccionada.,Cuando el paciente aplica el filtro.,El sistema muestra el mensaje 'No hay disponibilidad para la especialidad seleccionada' y sugiere otras fechas.,,,,,,,,,,,,,,,,,,,,,
,,,,,,Actualización de disponibilidad en tiempo real,En caso que otro paciente reserve un horario mientras el usuario está consultando.,Cuando el paciente visualiza los horarios disponibles.,El sistema actualiza automáticamente la vista y elimina el horario ocupado sin requerir recarga de página.,,,,,,,,,,,,,,,,,,,,,
,,,,,,Filtro sin especialidad seleccionada,En caso que el paciente no seleccione ninguna especialidad.,Cuando el paciente intenta realizar la búsqueda.,El sistema muestra el mensaje 'Por favor seleccione una especialidad para continuar' y no ejecuta la búsqueda.,,,,,,,,,,,,,,,,,,,,,
,,,,,,,,,,,,,,,,,,,,,,,,,,,,,,
,HU-AGC-02,Como paciente o personal administrativo.,"Necesito reservar una cita médica seleccionando médico, fecha y hora disponible.",Con la finalidad de asegurar la atención médica en el horario requerido.,,Reserva exitosa de cita,En caso que el horario seleccionado esté disponible y los datos del paciente sean válidos.,"Cuando el usuario confirma la selección de médico, fecha y hora.","El sistema bloquea inmediatamente el horario, genera un ID de cita único y envía confirmación al paciente y al médico.",,,,,,,,,,,,,,,,,,,,,
,,,,,,Horario ya ocupado al confirmar,En caso que otro usuario reserve el mismo horario entre la selección y la confirmación.,Cuando el usuario intenta confirmar la reserva.,El sistema informa que el horario ya no está disponible y solicita seleccionar otro horario libre.,,,,,,,,,,,,,,,,,,,,,
,,,,,,Datos del paciente no encontrados,En caso que el administrativo ingrese un identificador de paciente que no existe en el sistema.,Cuando el administrativo intenta procesar la reserva.,El sistema muestra el mensaje 'Paciente no encontrado' y solicita verificar el identificador ingresado.,,,,,,,,,,,,,,,,,,,,,
,,,,,,Reserva fuera del horario de atención,En caso que el usuario intente seleccionar una fecha u hora fuera del horario de atención del médico.,Cuando el usuario intenta confirmar la cita.,El sistema bloquea la selección y muestra el horario de atención válido del médico seleccionado.,,,,,,,,,,,,,,,,,,,,,
,,,,,,,,,,,,,,,,,,,,,,,,,,,,,,
,HU-AGC-03,Como usuario (paciente o médico autorizado).,Necesito cancelar o reprogramar mis citas médicas dentro de los tiempos permitidos.,Con la finalidad de adaptar la agenda de la clínica ante cambios imprevistos.,,Cancelación exitosa dentro del plazo,En caso que el paciente solicite cancelar una cita cumpliendo el tiempo mínimo requerido.,Cuando el paciente confirma la cancelación.,"El sistema cancela la cita, libera el horario y envía notificación automática al médico y al paciente.",,,,,,,,,,,,,,,,,,,,,
,,,,,,Cancelación fuera del plazo permitido,En caso que el paciente intente cancelar una cita cuando ya no se cumple el tiempo mínimo establecido.,Cuando el paciente intenta confirmar la cancelación.,El sistema rechaza la operación y muestra el mensaje indicando el tiempo mínimo requerido para cancelar.,,,,,,,,,,,,,,,,,,,,,
,,,,,,Reprogramación exitosa,En caso que el paciente seleccione un nuevo horario disponible para reprogramar su cita.,Cuando el paciente confirma el nuevo horario.,"El sistema cancela la cita original, reserva el nuevo horario y notifica al médico y al paciente.",,,,,,,,,,,,,,,,,,,,,
,,,,,,Sin horarios disponibles para reprogramar,En caso que no existan horarios disponibles con el mismo médico para reprogramar.,Cuando el paciente intenta seleccionar un nuevo horario.,El sistema informa la falta de disponibilidad y sugiere buscar otro médico de la misma especialidad.,,,,,,,,,,,,,,,,,,,,,
,,,,,,,,,,,,,,,,,,,,,,,,,,,,,,
,HU-AGC-04,Como usuario (paciente o médico).,Necesito recibir notificaciones automáticas de confirmación y recordatorios de mis citas.,Con la finalidad de evitar inasistencias y estar informado sobre mi agenda médica.,,Notificación de confirmación inmediata,En caso que el paciente haya reservado una cita exitosamente.,Cuando el sistema registra la reserva.,El sistema envía de inmediato una notificación de confirmación al paciente y al médico con los datos de la cita.,,,,,,,,,,,,,,,,,,,,,
,,,,,,Recordatorio 24 horas antes,En caso que la cita esté programada y se cumpla el plazo de 24 horas previo.,Cuando el sistema detecta que faltan 24 horas para la cita.,"El sistema envía automáticamente un recordatorio al paciente con fecha, hora y nombre del médico.",,,,,,,,,,,,,,,,,,,,,
,,,,,,Notificación de cancelación,En caso que una cita sea cancelada por el paciente o por el médico.,Cuando el sistema registra la cancelación.,El sistema notifica a ambas partes (paciente y médico) que la cita ha sido cancelada.,,,,,,,,,,,,,,,,,,,,,
,,,,,,Notificación de reprogramación,En caso que una cita sea reprogramada a un nuevo horario.,Cuando el sistema registra el cambio de horario.,El sistema envía notificación al paciente y al médico con el nuevo horario acordado.,,,,,,,,,,,,,,,,,,,,,
,,,,,,,,,,,,,,,,,,,,,,,,,,,,,,
,HU-AGC-05,Como médico.,"Necesito actualizar el estado de las citas (Programada, En Atención, Completada, Cancelada) en tiempo real.",Con la finalidad de rastrear con precisión el flujo de atención de pacientes durante la jornada.,,Cambio de estado exitoso,En caso que el médico seleccione un nuevo estado válido para la cita según el flujo definido.,Cuando el médico confirma el cambio de estado.,"El sistema actualiza el estado en tiempo real, registra el timestamp del cambio y refleja la actualización en el panel.",,,,,,,,,,,,,,,,,,,,,
,,,,,,Transición de estado no permitida,En caso que el médico intente realizar un cambio de estado no permitido por el flujo definido.,Cuando el médico intenta confirmar el cambio.,El sistema rechaza el cambio y muestra los estados válidos disponibles desde el estado actual.,,,,,,,,,,,,,,,,,,,,,
,,,,,,Registro de historial de estados,En caso que una cita haya pasado por múltiples cambios de estado.,Cuando el médico o administrador consulta el historial de la cita.,"El sistema muestra el historial completo de cambios de estado con fecha, hora y usuario responsable.",,,,,,,,,,,,,,,,,,,,,
,,,,,,Visualización de estado en panel,En caso que el médico tenga múltiples citas activas durante la jornada.,Cuando el médico accede al panel de citas del día.,El sistema muestra el estado actual de cada cita con indicadores visuales diferenciados por color.,,,,,,,,,,,,,,,,,,,,,
,,,,,,Actualización sin afectar otros servicios,En caso que el servicio de notificaciones esté temporalmente no disponible.,Cuando el médico actualiza el estado de la cita.,El sistema actualiza el estado de forma independiente y encola las notificaciones para envío posterior sin bloquear la operación.,,,,,,,,,,,,,,,,,,,,,
,,,,,,,,,,,,,,,,,,,,,,,,,,,,,,
,HU-HCE-01,Como médico.,"Necesito registrar y consultar prescripciones médicas incluyendo nombre del medicamento, dosis y duración del tratamiento.",Con la finalidad de mantener un control riguroso del tratamiento de cada paciente.,,Registro exitoso de prescripción,"En caso que el médico complete todos los campos requeridos (medicamento, dosis, frecuencia, duración) de forma válida.",Cuando el médico confirma la prescripción.,El sistema guarda la prescripción vinculada a la historia clínica del paciente y registra fecha y hora del registro.,,,,,,,,,,,,,,,,,,,,,
,,,,,,Consulta de historial de prescripciones,En caso que el médico requiera revisar prescripciones anteriores del paciente.,Cuando el médico accede al historial de prescripciones del paciente.,"El sistema muestra la lista cronológica de prescripciones previas con médico responsable, dosis y estado del tratamiento.",,,,,,,,,,,,,,,,,,,,,
,,,,,,Campos obligatorios incompletos,En caso que el médico intente guardar la prescripción con campos requeridos vacíos.,Cuando el médico intenta confirmar el registro.,El sistema resalta los campos faltantes y muestra mensajes de validación sin guardar la prescripción.,,,,,,,,,,,,,,,,,,,,,
,,,,,,Acceso no autorizado a prescripción,En caso que un usuario sin rol de médico intente registrar o modificar una prescripción.,Cuando el usuario realiza la solicitud.,El sistema rechaza la operación y registra el intento en el log de auditoría.,,,,,,,,,,,,,,,,,,,,,
,,,,,,,,,,,,,,,,,,,,,,,,,,,,,,
,HU-HCE-02,Como médico.,"Necesito gestionar la historia clínica completa del paciente, registrando evolución clínica y observaciones de cada consulta.",Con la finalidad de tomar decisiones clínicas informadas con base en el historial completo del paciente.,,Registro de evolución clínica,En caso que el médico complete la sección de evolución clínica con observaciones de la consulta.,Cuando el médico guarda el registro de la consulta.,El sistema almacena la evolución como registro inmutable con sello de tiempo y despliega el evento en la línea de tiempo del paciente.,,,,,,,,,,,,,,,,,,,,,
,,,,,,Visualización de línea de tiempo,En caso que el médico consulte la historia clínica de un paciente con múltiples consultas registradas.,Cuando el médico accede al historial del paciente.,"El sistema muestra una línea de tiempo cronológica con todas las consultas, diagnósticos y evoluciones registradas.",,,,,,,,,,,,,,,,,,,,,
,,,,,,Intento de modificación de registro inmutable,En caso que el médico intente editar un registro de evolución clínica ya guardado.,Cuando el médico intenta realizar la modificación.,El sistema rechaza la operación y muestra el mensaje 'Los registros clínicos no pueden ser modificados una vez guardados'.,,,,,,,,,,,,,,,,,,,,,
,,,,,,Historia sin consultas previas,En caso que el paciente no tenga consultas registradas en el sistema.,Cuando el médico accede a la historia clínica del paciente.,El sistema muestra la ficha del paciente vacía con el mensaje 'Sin consultas previas registradas'.,,,,,,,,,,,,,,,,,,,,,
,,,,,,,,,,,,,,,,,,,,,,,,,,,,,,
,HU-HCE-03,Como médico.,"Necesito adjuntar documentos y archivos (PDF, imágenes, DICOM) a la historia clínica del paciente.",Con la finalidad de complementar la evidencia diagnóstica con resultados de laboratorio e imágenes médicas.,,Adjunto de documento exitoso,"En caso que el médico seleccione un archivo en formato válido (PDF, JPEG, PNG, DICOM) vinculado a una consulta.",Cuando el médico confirma la carga del archivo.,"El sistema almacena el documento, lo vincula a la consulta correspondiente y confirma la carga exitosa.",,,,,,,,,,,,,,,,,,,,,
,,,,,,Formato de archivo no permitido,En caso que el médico intente cargar un archivo en un formato no soportado.,Cuando el médico selecciona el archivo e intenta subirlo.,"El sistema rechaza el archivo y muestra el mensaje indicando los formatos permitidos (PDF, JPEG, PNG, DICOM).",,,,,,,,,,,,,,,,,,,,,
,,,,,,Carga sin asociar a consulta,En caso que el médico intente adjuntar un archivo sin seleccionar una consulta de referencia.,Cuando el médico intenta confirmar la carga.,El sistema bloquea la operación y solicita asociar el archivo a una consulta específica antes de continuar.,,,,,,,,,,,,,,,,,,,,,
,,,,,,Consulta de documentos adjuntos,En caso que el médico acceda al detalle de una consulta que tiene documentos adjuntos.,Cuando el médico selecciona la consulta.,"El sistema muestra el listado de archivos adjuntos con nombre, tipo, fecha de carga y opción de visualización.",,,,,,,,,,,,,,,,,,,,,
,,,,,,,,,,,,,,,,,,,,,,,,,,,,,,
,HU-HCE-04,Como paciente.,Necesito consultar mi propia historia clínica de forma segura.,Con la finalidad de tener control sobre mi información de salud y conocer mis diagnósticos y tratamientos.,,Acceso exitoso a historia propia,En caso que el paciente autenticado acceda a la sección de su historia clínica.,Cuando el paciente selecciona 'Mi historia clínica'.,El sistema muestra únicamente los datos clínicos propios del paciente y registra el acceso en el log de auditoría.,,,,,,,,,,,,,,,,,,,,,
,,,,,,Intento de acceso a historia de otro paciente,En caso que el paciente intente acceder a la historia clínica de otro paciente manipulando parámetros.,Cuando se realiza la solicitud con un identificador diferente al autenticado.,"El sistema rechaza la solicitud, muestra error de acceso no autorizado y registra el intento en el log de auditoría.",,,,,,,,,,,,,,,,,,,,,
,,,,,,Registro de auditoría de acceso,En caso que el paciente consulte su historia clínica.,Cuando el sistema procesa el acceso exitoso.,"El sistema registra automáticamente fecha, hora y usuario que realizó la consulta en el log de auditoría de acceso.",,,,,,,,,,,,,,,,,,,,,
,,,,,,Historia clínica vacía,En caso que el paciente aún no tenga registros clínicos en el sistema.,Cuando el paciente accede a su historia clínica.,El sistema muestra la ficha del paciente con sus datos personales y el mensaje 'No hay registros clínicos disponibles aún'.,,,,,,,,,,,,,,,,,,,,,
,,,,,,,,,,,,,,,,,,,,,,,,,,,,,,
,HU-FAP-01,Como personal administrativo.,Necesito generar automáticamente recibos de pago al finalizar cada consulta médica.,Con la finalidad de agilizar el proceso de facturación y garantizar el cobro oportuno de los servicios.,,Generación automática de recibo,En caso que una cita cambie al estado 'Completada'.,Cuando el médico actualiza el estado de la cita a 'Completada'.,"El sistema genera automáticamente el recibo con datos del paciente, médico, servicio y monto, disponible para descarga e impresión.",,,,,,,,,,,,,,,,,,,,,
,,,,,,Descarga e impresión del recibo,En caso que el recibo haya sido generado exitosamente.,Cuando el administrativo o paciente selecciona 'Descargar recibo'.,El sistema genera el archivo en formato PDF con todos los datos de la consulta y lo ofrece para descarga inmediata.,,,,,,,,,,,,,,,,,,,,,
,,,,,,Consulta sin recibo generado,En caso que el administrativo busque el recibo de una consulta aún no completada.,Cuando se consulta el recibo.,El sistema muestra el mensaje 'El recibo estará disponible una vez finalizada la consulta'.,,,,,,,,,,,,,,,,,,,,,
,,,,,,Error en generación de recibo,En caso que ocurra un fallo técnico durante la generación automática del recibo.,Cuando el sistema intenta generar el recibo al completar la cita.,El sistema notifica al administrativo del error y permite la regeneración manual del recibo.,,,,,,,,,,,,,,,,,,,,,
,,,,,,,,,,,,,,,,,,,,,,,,,,,,,,
,,,,,,Procesamiento exitoso de reembolso,En caso que el administrador apruebe la devolución de un pago con estado 'Pagado'.,Cuando el administrador confirma el reembolso.,"El sistema procesa la devolución, actualiza el estado a 'Reembolsado' y registra la operación con fecha y responsable.",,,,,,,,,,,,,,,,,,,,,
,,,,,,Reembolso sobre pago no pagado,En caso que el administrador intente procesar un reembolso sobre un pago con estado diferente a 'Pagado'.,Cuando el administrador intenta confirmar el reembolso.,El sistema rechaza la operación y muestra el mensaje indicando que solo se pueden reembolsar pagos en estado 'Pagado'.,,,,,,,,,,,,,,,,,,,,,
,,,,,,Consulta de estado de pago,En caso que el administrador necesite verificar el estado actual de un pago específico.,Cuando el administrador busca el pago por ID de cita o paciente.,El sistema muestra el estado actual del pago junto con el historial de cambios registrados.,,,,,,,,,,,,,,,,,,,,,
,,,,,,,,,,,,,,,,,,,,,,,,,,,,,,
,HU-FAP-03,Como administrador.,"Necesito generar reportes de ingresos y rentabilidad desglosados por médico, especialidad o período.",Con la finalidad de evaluar el desempeño financiero de la clínica y tomar decisiones estratégicas.,,Reporte de ingresos por período,En caso que el administrador seleccione un rango de fechas válido para el reporte.,Cuando el administrador genera el reporte de ingresos.,El sistema presenta el desglose de ingresos por servicio y médico dentro del período seleccionado.,,,,,,,,,,,,,,,,,,,,,
,,,,,,Reporte de ingresos por médico,En caso que el administrador filtre el reporte por un médico específico.,Cuando el administrador aplica el filtro y genera el reporte.,El sistema muestra los ingresos totales y desglosados por tipo de consulta atendida por el médico seleccionado.,,,,,,,,,,,,,,,,,,,,,
,,,,,,Período sin datos de ingresos,En caso que el rango de fechas seleccionado no tenga consultas facturadas.,Cuando el administrador genera el reporte.,El sistema muestra el mensaje 'No hay ingresos registrados para el período seleccionado'.,,,,,,,,,,,,,,,,,,,,,
,,,,,,Exportación del reporte financiero,En caso que el administrador necesite el reporte en formato descargable.,Cuando el administrador selecciona exportar.,"El sistema genera el archivo en el formato seleccionado (PDF, Excel o CSV) y lo ofrece para descarga inmediata.",,,,,,,,,,,,,,,,,,,,,
,,,,,,,,,,,,,,,,,,,,,,,,,,,,,,
,HU-RPM-01,Como administrador.,Necesito generar estadísticas de demanda médica incluyendo especialidades más solicitadas y diagnósticos frecuentes.,Con la finalidad de optimizar la distribución de recursos y la oferta de atención de la clínica.,,Estadísticas de especialidades más solicitadas,En caso que el administrador seleccione un período y solicite el reporte de demanda por especialidad.,Cuando el administrador genera el reporte.,El sistema muestra las especialidades más solicitadas con número de consultas y tendencia en el período indicado.,,,,,,,,,,,,,,,,,,,,,
,,,,,,Estadísticas de diagnósticos frecuentes,En caso que el administrador solicite el reporte de patologías prevalentes.,Cuando el administrador genera el reporte de diagnósticos.,El sistema muestra los diagnósticos más frecuentes clasificados por código CIE-10 con número de ocurrencias y porcentaje.,,,,,,,,,,,,,,,,,,,,,
,,,,,,Tendencia comparativa de consultas,En caso que el administrador compare la demanda entre dos períodos distintos.,Cuando el administrador genera el reporte comparativo.,El sistema muestra la evolución de consultas por especialidad entre ambos períodos con indicadores de variación.,,,,,,,,,,,,,,,,,,,,,
,,,,,,Sin datos para el período seleccionado,En caso que no existan consultas registradas en el período indicado.,Cuando el administrador genera el reporte.,El sistema muestra el mensaje 'No hay datos de atención registrados para el período seleccionado'.,,,,,,,,,,,,,,,,,,,,,
,,,,,,,,,,,,,,,,,,,,,,,,,,,,,,
,HU-RPM-02,Como usuario del sistema (administrativo o médico).,"Necesito exportar cualquier reporte del sistema en formatos estándar (PDF, Excel, CSV).","Con la finalidad de utilizar los datos para fines administrativos, análisis externos o archivo institucional.",,Exportación exitosa en PDF,En caso que el usuario seleccione el formato PDF y el reporte haya sido generado.,Cuando el usuario hace clic en 'Exportar PDF'.,El sistema genera el archivo PDF fiel al reporte visual y lo ofrece para descarga inmediata.,,,,,,,,,,,,,,,,,,,,,
,,,,,,Exportación exitosa en Excel,En caso que el usuario seleccione el formato Excel y el reporte haya sido generado.,Cuando el usuario hace clic en 'Exportar Excel'.,El sistema genera el archivo .xlsx con los datos estructurados en tabla y lo ofrece para descarga en menos de 5 segundos.,,,,,,,,,,,,,,,,,,,,,
,,,,,,Exportación exitosa en CSV,En caso que el usuario seleccione el formato CSV y el reporte haya sido generado.,Cuando el usuario hace clic en 'Exportar CSV'.,El sistema genera el archivo .csv con delimitadores estándar y lo ofrece para descarga inmediata.,,,,,,,,,,,,,,,,,,,,,
,,,,,,Error durante la exportación,En caso que ocurra un fallo técnico durante la generación del archivo de exportación.,Cuando el sistema intenta procesar la exportación.,"El sistema notifica al usuario el error, registra el fallo y permite reintentar la exportación.",,,,,,,,,,,,,,,,,,,,,
,,,,,,,,,,,,,,,,,,,,,,,,,,,,,,